ServerName,User,Alias,LinkedMode,Readable
daisv0pp212.dir.ad.dla.mil,svc_VPM_Powershell@DLA-Prod.local,daytonprodvcenter.dir.ad.dla.mil,trisv0pp212.dir.ad.dla.mil,Dayton Prod
trisv0pp212.dir.ad.dla.mil,svc_VPM_Powershell@DLA-Prod.local,tracyprodvcenter.dir.ad.dla.mil,daisv0pp212.dir.ad.dla.mil,Tracy Prod
klisv0pp212.dir.ad.dla.mil,svc_VPM_Powershell@DLA-Kleber.local,Kleberprodvcenter.dir.ad.dla.mil,,Kleber
daisv0tp213.dir.ad.dla.mil,svc_VPM_Powershell@DLA-Test-Dev.local,daytondevvcenter.dir.ad.dla.mil,,Dayton Dev
daisv0pp222.dir.ad.dla.mil,svc_VPM_Powershell@DLA-VDI.local,daytonvdi1vcenter.dir.ad.dla.mil,daisv0pp223.dir.ad.dla.mil,Dayton VDI
daisv0pp223.dir.ad.dla.mil,svc_VPM_Powershell@DLA-VDI.local,daytonvdi2vcenter.dir.ad.dla.mil,daisv0pp222.dir.ad.dla.mil,Tracy VDI
daisv0pp202.ics.dla.mil,svc_VPM_Powershell@DLA-DaytonOT.local,daytonicsvcenter.ics.dla.mil,trisv0pp202.ics.dla.mil,Dayton ICS
trisv0pp202.ics.dla.mil,svc_VPM_Powershell@DLA-DaytonOT.local,tracyicsvcenter.ics.dla.mil,daisv0pp202.ics.dla.mil,Tracy ICS
